,Sample 1,Sample 2,Sample 3,Sample 4,Sample 5,Sample 6,Sample 7,Sample 8,Sample 9,Sample 10
Gen 2,-0.02489,0.06610,-0.14997,-0.05930,-0.10597,-0.12230,-0.09412,-0.04633,-0.03097,0.01165
Gen 3,-0.02424,0.05557,-0.08866,0.11344,-0.14178,0.05114,-0.02481,0.01761,-0.10788,-0.09057
Probability,0.03443,0.08524,0.16719,0.12102,0.17358,0.12152,0.08333,0.04480,0.09728,0.07161
